id;name;description;number
1;National Corner matrix;Principal;46247
2;Steel Hungary neural-net;New Jersey JSON Handcrafted;67640
3;applications Customer Alabama;synergistic Tasty;53625
4;circuit Interactions Tasty;override;93289
5;calculating Papua New Guinea;District Senior whiteboard;70042
6;virtual;primary;64292
7;deposit Belize;mobile Quetzal;56482
8;Small indexing;Metrics solution generate;17480
9;Crescent Program Triple-buffered;Berkshire SMTP engage;18390
10;Credit Card Account Chicken;grid-enabled Cotton Awesome Fresh Towels;57954
