id;name;number;text;timestamp_start
1;Cotton;98822;../fake-data/blob/hipster.txt;2020-10-03 02:00:00.0
2;withdrawal primary primary;74868;../fake-data/blob/hipster.txt;2020-10-04 03:00:00.0
3;withdrawal Chips;44752;../fake-data/blob/hipster.txt;2020-10-04 02:00:00.0
4;harness Crescent Cordoba Oro;33805;../fake-data/blob/hipster.txt;2020-10-03 04:00:00.0
5;parallelism;57004;../fake-data/blob/hipster.txt;2020-10-03 05:00:00.0
6;Computer Handmade Rubber Keyboard;40905;../fake-data/blob/hipster.txt;2020-10-03 06:00:00.0
7;Shoes;60167;../fake-data/blob/hipster.txt;2020-10-04 07:00:00.0
8;Cambridgeshire navigating mission-critical;52303;../fake-data/blob/hipster.txt;2020-10-04 08:00:00.0
9;Lodge;40828;../fake-data/blob/hipster.txt;2020-10-03 09:00:00.0
10;Industrial;71008;../fake-data/blob/hipster.txt;2020-10-04 10:00:00.0
